Workbook

Sheet Employees_Raw
A1: EmployeeID | B1: EmployeeName | C1: Department | D1: JobTitle | E1: HireDate | F1: EmploymentStatus | G1: Location | H1: MonthlySalaryNGN | I1: ManagerID
A2: E001 | B2: Employee 001 | C2: Operations | D2: Team Lead | E2: 45057 | F2: Active | G2: Lagos | H2: 350000
A3: E002 | B3: Employee 002 | C3: Finance | D3: Payroll Officer | E3: 44663 | F3: Active | G3: Ibadan | H3: 500000 | I3: E001
A4: E003 | B4: Employee 003 | C4: IT | D4: Systems Administrator | E4: 45320 | F4: Inactive | G4: Lagos | H4: 220000 | I4: E002
A5: E004 | B5: Employee 004 | C5: Operations | D5: Operations Analyst | E5: 45634 | F5: Active | G5: Lagos | H5: 180000 | I5: E003
A6: E005 | B6: Employee 005 | C6: Operations | D6: Operations Analyst | E6: 45534 | F6: On Leave | G6: Lagos | H6: 180000 | I6: E004
A7: E006 | B7: Employee 006 | C7: Sales | D7: Account Manager | E7: 45279 | F7: Active | G7: Ibadan | H7: 400000 | I7: E005
A8: E007 | B8: Employee 007 | C8: Customer Support | D8: Support Team Lead | E8: 44883 | F8: Active | G8: Ibadan | H8: 300000 | I8: E006
A9: E008 | B9: Employee 008 | C9: Human Resources | D9: HR Officer | E9: 45351 | F9: Active | G9: Ibadan | H9: 350000 | I9: E007
A10: E009 | B10: Employee 009 | D10: Recruiter | E10: 44363 | F10: Active | G10: Lagos | H10: 300000 | I10: E008
A11: E010 | B11: Employee 010 | C11: Customer Support | D11: Support Team Lead | E11: 44438 | F11: Active | G11: Abuja | H11: 350000 | I11: E009
A12: E011 | B12: Employee 011 | C12: Finance | D12: Payroll Officer | E12: 45560 | F12: Active | G12: Ibadan | H12: 300000 | I12: E010
A13: E012 | B13: Employee 012 | C13: IT | D13: Systems Administrator | E13: 44972 | F13: Active | G13: Abuja | H13: 180000 | I13: E011
A14: E013 | B14: Employee 013 | C14: Operations | D14: Operations Analyst | E14: 45782 | F14: Inactive | G14: Abuja | H14: 400000 | I14: E012
A15: E014 | B15: Employee 014 | C15: Finance | D15: Finance Analyst | E15: 45992 | F15: On Leave | G15: Ibadan | H15: 220000 | I15: E013
A16: E015 | B16: Employee 015 | C16: Finance | D16: Finance Analyst | E16: 45776 | F16: Active | G16: Abuja | H16: 300000 | I16: E014
A17: E016 | B17: Employee 016 | C17: Customer Support | D17: Customer Experience Officer | E17: 46083 | F17: Inactive | G17: Ibadan | H17: 300000 | I17: E015
A18: E017 | B18: Employee 017 | C18: Human Resources | D18: HR Officer | E18: 45922 | F18: On Leave | G18: Abuja | H18: 450000 | I18: E016
A19: E018 | B19: Employee 018 | C19: IT | D19: Data Analyst | E19: 44988 | F19: active | G19: Lagos | H19: 180000 | I19: E017
A20: E019 | B20: Employee 019 | C20: IT | D20: IT Support Analyst | E20: 44211 | F20: Active | G20: Lagos | H20: 450000 | I20: E018
A21: E020 | B21: Employee 020 | C21: Human Resources | D21: HR Officer | E21: 45564 | F21: Active | G21: Ibadan | H21: 250000 | I21: E019
A22: E021 | B22: Employee 021 | C22: Sales | D22: Account Manager | E22: 44789 | F22: Active | G22: Lagos | H22: 250000 | I22: E020
... A102: E013 | B102: Employee 013 | C102: Operations | D102: Operations Analyst | E102: 45782 | F102: Inactive | G102: Abuja | H102: 400000 | I102: E012

Sheet Employees_Cleaning
A1: EmployeeID | B1: EmployeeName | C1: Department | E1: JobTitle | F1: HireDate | G1: EmploymentStatus | H1: Location | I1: MonthlySalaryNGN | J1: ManagerID | K1: Duplicate_Check | L1: Consistency_Check | M1: Status_Clean
A2: E001 | B2: Employee 001 | C2: Operations | D2: =TRIM(C2) -> Operations | E2: Team Lead | F2: 45057 | G2: Active | H2: Lagos | I2: 350000 | K2: =IF(COUNTIF($A$2:A2,A2)>1, "Duplicate", "First Occurrence") -> First Occurrence | L2: =IF(EXACT(G2, PROPER(G2)), "Consistent", "Change") -> Consistent | M2: =PROPER(TRIM(G2)) -> Active | S2: {=_xlfn.UNIQUE(M2:M101)} -> Active
A3: E002 | B3: Employee 002 | C3: Finance | D3: =TRIM(C3) -> Finance | E3: Payroll Officer | F3: 44663 | G3: Active | H3: Ibadan | I3: 500000 | J3: E001 | K3: =IF(COUNTIF($A$2:A3,A3)>1, "Duplicate", "First Occurrence") -> First Occurrence | L3: =IF(EXACT(G3, PROPER(G3)), "Consistent", "Change") -> Consistent | M3: =PROPER(TRIM(G3)) -> Active | S3: Inactive
A4: E003 | B4: Employee 003 | C4: IT | D4: =TRIM(C4) -> IT | E4: Systems Administrator | F4: 45320 | G4: Inactive | H4: Lagos | I4: 220000 | J4: E002 | K4: =IF(COUNTIF($A$2:A4,A4)>1, "Duplicate", "First Occurrence") -> First Occurrence | L4: =IF(EXACT(G4, PROPER(G4)), "Consistent", "Change") -> Consistent | M4: =PROPER(TRIM(G4)) -> Inactive | S4: On Leave
A5: E004 | B5: Employee 004 | C5: Operations | D5: =TRIM(C5) -> Operations | E5: Operations Analyst | F5: 45634 | G5: Active | H5: Lagos | I5: 180000 | J5: E003 | K5: =IF(COUNTIF($A$2:A5,A5)>1, "Duplicate", "First Occurrence") -> First Occurrence | L5: =IF(EXACT(G5, PROPER(G5)), "Consistent", "Change") -> Consistent | M5: =PROPER(TRIM(G5)) -> Active
A6: E005 | B6: Employee 005 | C6: Operations | D6: =TRIM(C6) -> Operations | E6: Operations Analyst | F6: 45534 | G6: On Leave | H6: Lagos | I6: 180000 | J6: E004 | K6: =IF(COUNTIF($A$2:A6,A6)>1, "Duplicate", "First Occurrence") -> First Occurrence | L6: =IF(EXACT(G6, PROPER(G6)), "Consistent", "Change") -> Consistent | M6: =PROPER(TRIM(G6)) -> On Leave | S6: =COUNTA(_xlfn.UNIQUE(B2:B101)) -> 100
A7: E006 | B7: Employee 006 | C7: Sales | D7: =TRIM(C7) -> Sales | E7: Account Manager | F7: 45279 | G7: Active | H7: Ibadan | I7: 400000 | J7: E005 | K7: =IF(COUNTIF($A$2:A7,A7)>1, "Duplicate", "First Occurrence") -> First Occurrence | L7: =IF(EXACT(G7, PROPER(G7)), "Consistent", "Change") -> Consistent | M7: =PROPER(TRIM(G7)) -> Active
A8: E007 | B8: Employee 007 | C8: Customer Support | D8: =TRIM(C8) -> Customer Support | E8: Support Team Lead | F8: 44883 | G8: Active | H8: Ibadan | I8: 300000 | J8: E006 | K8: =IF(COUNTIF($A$2:A8,A8)>1, "Duplicate", "First Occurrence") -> First Occurrence | L8: =IF(EXACT(G8, PROPER(G8)), "Consistent", "Change") -> Consistent | M8: =PROPER(TRIM(G8)) -> Active
A9: E008 | B9: Employee 008 | C9: Human Resources | D9: =TRIM(C9) -> Human Resources | E9: HR Officer | F9: 45351 | G9: Active | H9: Ibadan | I9: 350000 | J9: E007 | K9: =IF(COUNTIF($A$2:A9,A9)>1, "Duplicate", "First Occurrence") -> First Occurrence | L9: =IF(EXACT(G9, PROPER(G9)), "Consistent", "Change") -> Consistent | M9: =PROPER(TRIM(G9)) -> Active | Q9: {=_xlfn.UNIQUE($D$2:$D$101)} -> Operations
A10: E009 | B10: Employee 009 | E10: Recruiter | F10: 44363 | G10: Active | H10: Lagos | I10: 300000 | J10: E008 | K10: =IF(COUNTIF($A$2:A10,A10)>1, "Duplicate", "First Occurrence") -> First Occurrence | L10: =IF(EXACT(G10, PROPER(G10)), "Consistent", "Change") -> Consistent | M10: =PROPER(TRIM(G10)) -> Active | Q10: Finance
A11: E010 | B11: Employee 010 | C11: Customer Support | D11: =TRIM(C11) -> Customer Support | E11: Support Team Lead | F11: 44438 | G11: Active | H11: Abuja | I11: 350000 | J11: E009 | K11: =IF(COUNTIF($A$2:A11,A11)>1, "Duplicate", "First Occurrence") -> First Occurrence | L11: =IF(EXACT(G11, PROPER(G11)), "Consistent", "Change") -> Consistent | M11: =PROPER(TRIM(G11)) -> Active | Q11: IT
A12: E011 | B12: Employee 011 | C12: Finance | D12: =TRIM(C12) -> Finance | E12: Payroll Officer | F12: 45560 | G12: Active | H12: Ibadan | I12: 300000 | J12: E010 | K12: =IF(COUNTIF($A$2:A12,A12)>1, "Duplicate", "First Occurrence") -> First Occurrence | L12: =IF(EXACT(G12, PROPER(G12)), "Consistent", "Change") -> Consistent | M12: =PROPER(TRIM(G12)) -> Active | Q12: Sales
A13: E012 | B13: Employee 012 | C13: IT | D13: =TRIM(C13) -> IT | E13: Systems Administrator | F13: 44972 | G13: Active | H13: Abuja | I13: 180000 | J13: E011 | K13: =IF(COUNTIF($A$2:A13,A13)>1, "Duplicate", "First Occurrence") -> First Occurrence | L13: =IF(EXACT(G13, PROPER(G13)), "Consistent", "Change") -> Consistent | M13: =PROPER(TRIM(G13)) -> Active | Q13: Customer Support
A14: E013 | B14: Employee 013 | C14: Operations | D14: =TRIM(C14) -> Operations | E14: Operations Analyst | F14: 45782 | G14: Inactive | H14: Abuja | I14: 400000 | J14: E012 | K14: =IF(COUNTIF($A$2:A14,A14)>1, "Duplicate", "First Occurrence") -> First Occurrence | L14: =IF(EXACT(G14, PROPER(G14)), "Consistent", "Change") -> Consistent | M14: =PROPER(TRIM(G14)) -> Inactive | Q14: Human Resources
A15: E014 | B15: Employee 014 | C15: Finance | D15: =TRIM(C15) -> Finance | E15: Finance Analyst | F15: 45992 | G15: On Leave | H15: Ibadan | I15: 220000 | J15: E013 | K15: =IF(COUNTIF($A$2:A15,A15)>1, "Duplicate", "First Occurrence") -> First Occurrence | L15: =IF(EXACT(G15, PROPER(G15)), "Consistent", "Change") -> Consistent | M15: =PROPER(TRIM(G15)) -> On Leave | Q15: 0
A16: E015 | B16: Employee 015 | C16: Finance | D16: =TRIM(C16) -> Finance | E16: Finance Analyst | F16: 45776 | G16: Active | H16: Abuja | I16: 300000 | J16: E014 | K16: =IF(COUNTIF($A$2:A16,A16)>1, "Duplicate", "First Occurrence") -> First Occurrence | L16: =IF(EXACT(G16, PROPER(G16)), "Consistent", "Change") -> Consistent | M16: =PROPER(TRIM(G16)) -> Active
A17: E016 | B17: Employee 016 | C17: Customer Support | D17: =TRIM(C17) -> Customer Support | E17: Customer Experience Officer | F17: 46083 | G17: Inactive | H17: Ibadan | I17: 300000 | J17: E015 | K17: =IF(COUNTIF($A$2:A17,A17)>1, "Duplicate", "First Occurrence") -> First Occurrence | L17: =IF(EXACT(G17, PROPER(G17)), "Consistent", "Change") -> Consistent | M17: =PROPER(TRIM(G17)) -> Inactive
A18: E017 | B18: Employee 017 | C18: Human Resources | D18: =TRIM(C18) -> Human Resources | E18: HR Officer | F18: 45922 | G18: On Leave | H18: Abuja | I18: 450000 | J18: E016 | K18: =IF(COUNTIF($A$2:A18,A18)>1, "Duplicate", "First Occurrence") -> First Occurrence | L18: =IF(EXACT(G18, PROPER(G18)), "Consistent", "Change") -> Consistent | M18: =PROPER(TRIM(G18)) -> On Leave
A19: E018 | B19: Employee 018 | C19: IT | D19: =TRIM(C19) -> IT | E19: Data Analyst | F19: 44988 | G19: active | H19: Lagos | I19: 180000 | J19: E017 | K19: =IF(COUNTIF($A$2:A19,A19)>1, "Duplicate", "First Occurrence") -> First Occurrence | L19: =IF(EXACT(G19, PROPER(G19)), "Consistent", "Change") -> Change | M19: =PROPER(TRIM(G19)) -> Active
A20: E019 | B20: Employee 019 | C20: IT | D20: =TRIM(C20) -> IT | E20: IT Support Analyst | F20: 44211 | G20: Active | H20: Lagos | I20: 450000 | J20: E018 | K20: =IF(COUNTIF($A$2:A20,A20)>1, "Duplicate", "First Occurrence") -> First Occurrence | L20: =IF(EXACT(G20, PROPER(G20)), "Consistent", "Change") -> Consistent | M20: =PROPER(TRIM(G20)) -> Active
A21: E020 | B21: Employee 020 | C21: Human Resources | D21: =TRIM(C21) -> Human Resources | E21: HR Officer | F21: 45564 | G21: Active | H21: Ibadan | I21: 250000 | J21: E019 | K21: =IF(COUNTIF($A$2:A21,A21)>1, "Duplicate", "First Occurrence") -> First Occurrence | L21: =IF(EXACT(G21, PROPER(G21)), "Consistent", "Change") -> Consistent | M21: =PROPER(TRIM(G21)) -> Active
A22: E021 | B22: Employee 021 | C22: Sales | D22: =TRIM(C22) -> Sales | E22: Account Manager | F22: 44789 | G22: Active | H22: Lagos | I22: 250000 | J22: E020 | K22: =IF(COUNTIF($A$2:A22,A22)>1, "Duplicate", "First Occurrence") -> First Occurrence | L22: =IF(EXACT(G22, PROPER(G22)), "Consistent", "Change") -> Consistent | M22: =PROPER(TRIM(G22)) -> Active
A23: E022 | B23: Employee 022 | C23: IT | D23: =TRIM(C23) -> IT | E23: Systems Administrator | F23: 45710 | G23: Active | H23: Lagos | I23: 300000 | J23: E021 | K23: =IF(COUNTIF($A$2:A23,A23)>1, "Duplicate", "First Occurrence") -> First Occurrence | L23: =IF(EXACT(G23, PROPER(G23)), "Consistent", "Change") -> Consistent | M23: =PROPER(TRIM(G23)) -> Active
A24: E023 | B24: Employee 023 | C24: Human Resources | D24: =TRIM(C24) -> Human Resources | E24: Recruiter | F24: 46060 | G24: Active | H24: Ibadan | I24: 450000 | J24: E022 | K24: =IF(COUNTIF($A$2:A24,A24)>1, "Duplicate", "First Occurrence") -> First Occurrence | L24: =IF(EXACT(G24, PROPER(G24)), "Consistent", "Change") -> Consistent | M24: =PROPER(TRIM(G24)) -> Active
A25: E024 | B25: Employee 024 | C25: Customer Support | D25: =TRIM(C25) -> Customer Support | E25: Support Agent | F25: 45948 | G25: Active | H25: Abuja | I25: 250000 | J25: E023 | K25: =IF(COUNTIF($A$2:A25,A25)>1, "Duplicate", "First Occurrence") -> First Occurrence | L25: =IF(EXACT(G25, PROPER(G25)), "Consistent", "Change") -> Consistent | M25: =PROPER(TRIM(G25)) -> Active
A26: E025 | B26: Employee 025 | C26: Sales | D26: =TRIM(C26) -> Sales | E26: Account Manager | F26: 45157 | G26: On Leave | H26: Ibadan | I26: 400000 | J26: E024 | K26: =IF(COUNTIF($A$2:A26,A26)>1, "Duplicate", "First Occurrence") -> First Occurrence | L26: =IF(EXACT(G26, PROPER(G26)), "Consistent", "Change") -> Consistent | M26: =PROPER(TRIM(G26)) -> On Leave
A27: E026 | B27: Employee 026 | C27: Sales | D27: =TRIM(C27) -> Sales | E27: Sales Executive | F27: 45989 | G27: Active | H27: Ibadan | I27: 450000 | J27: E025 | K27: =IF(COUNTIF($A$2:A27,A27)>1, "Duplicate", "First Occurrence") -> First Occurrence | L27: =IF(EXACT(G27, PROPER(G27)), "Consistent", "Change") -> Consistent | M27: =PROPER(TRIM(G27)) -> Active
... A101: E100 | B101: Employee 100 | C101: IT | D101: =TRIM(C101) -> IT | E101: Systems Administrator | F101: 44887 | G101: On Leave | H101: Ibadan | I101: 180000 | J101: E099 | K101: =IF(COUNTIF($A$2:A101,A101)>1, "Duplicate", "First Occurrence") -> First Occurrence | L101: =IF(EXACT(G101, PROPER(G101)), "Consistent", "Change") -> Consistent | M101: =PROPER(TRIM(G101)) -> On Leave

Sheet Employee_Audit
A1: Issue | B1: Employee ID | C1: Finding | D1: Action | E1: Reason
A2: Duplicate Employee ID | B2: Employee 013 | C2: Exact Duplicate | D2: Removed Duplicate | E2: I removed the duplicate after finding out that all fields were exactly the same
A3: Missing Department | B3: Employee 009 | C3: Department is blank | D3: Flagged for verification | E3: Department cannot be confirmed from available data, I need a reliable source
A4: Inconsistent Department | C4: uncessary space | D4: Space trimmed | E4: It was giving an error unique value, ultimately affecting the department headcount

Sheet Workforce_Metrics
A1: Metric | B1: Value
A2: Active Employee Headcount | B2: =COUNTIF(Employees_Cleaning!M:M,"Active") -> 69
A3: Headcount by Department
A5: Department | B5: Employee Headcount | C5: Workforce % | D5: Employment Status | E5: Employee Count
A6: Customer Support | B6: =COUNTIF(Employees_Cleaning!D:D,Workforce_Metrics!A6) -> 18 | C6: =B6/100 -> 0.18 | D6: Active | E6: =COUNTIF(Employees_Cleaning!M:M,Workforce_Metrics!D6) -> 69
A7: IT | B7: =COUNTIF(Employees_Cleaning!D:D,Workforce_Metrics!A7) -> 15 | C7: =B7/100 -> 0.15 | D7: Inactive | E7: =COUNTIF(Employees_Cleaning!M:M,Workforce_Metrics!D7) -> 13
A8: Finance | B8: =COUNTIF(Employees_Cleaning!D:D,Workforce_Metrics!A8) -> 15 | C8: =B8/100 -> 0.15 | D8: On Leave | E8: =COUNTIF(Employees_Cleaning!M:M,Workforce_Metrics!D8) -> 18
A9: Human Resources | B9: =COUNTIF(Employees_Cleaning!D:D,Workforce_Metrics!A9) -> 22 | C9: =B9/100 -> 0.22 | E9: =SUM(E6:E8) -> 100
A10: Sales | B10: =COUNTIF(Employees_Cleaning!D:D,Workforce_Metrics!A10) -> 14 | C10: =B10/100 -> 0.14
A11: Operations | B11: =COUNTIF(Employees_Cleaning!D:D,Workforce_Metrics!A11) -> 15 | C11: =B11/100 -> 0.15
B12: =SUM(B6:B11) -> 99
A14: Observations
A15: Highest Headcount | B15: Human Resources
A16: Lowest Headcount | B16: Sales
A17: Missing Department | B17: Can't accurately determine the department with the lowest headcount because of the missing department
A20: Salary Metrics | B20: Value
A21: Average Monthly Salary (NGN) | B21: =AVERAGE(Employees_Cleaning!I2:I101) -> 340800
A22: Highest Monthly Salary (NGN) | B22: =MAX(Employees_Cleaning!I2:I101) -> 500000
A23: Lowest Monthly Salary (NGN) | B23: =MIN(Employees_Cleaning!I2:I101) -> 180000
A27: Workforce Metrics Summary
A28: Reporting Scope: | B28: 100 employee records in the cleaned dataset
A30: *Active workforce: | B30: 69 employees (69%)
A31: *Inactive employees: | B31: 13 (13%)
A32: *Employees on Leave: | B32: 18 (18%)
A33: *Average Monthly Salary: | B33: 340800
A34: *Salary range: | B34: 180,000 - 500,000 per month
A35: *Largest department: | B35: Human Resources, with 22 employees (22% of all employee records)
A36: *Department data limitation: | B36: One employee's department is missing.
B37: The record has been flagged for verification, so departmental comparison may change after the correct value is confirmed
A39: Recommendation: | B39: Verify the missing Department value and validate all department counts before using the figures for Staffing Decisions.
B40: Review Workforce status and salary metrics alongside business context before drawing management conclusions.
A42: Total Employees | C42: Active Employees | E42: Average Monthly Salary | G42: Missing Departments
A43: =COUNTA(Employees_Cleaning!A2:A101) -> 100 | C43: =COUNTIF(Employees_Cleaning!M2:M101,"Active") -> 69 | E43: =AVERAGE(Employees_Cleaning!I2:I101) -> 340800 | G43: =COUNTBLANK(Employees_Cleaning!C2:C101) -> 1

Sheet HR_Dashboard
A1: HR WORKFORCE ANALYTICS DASHBOARD
A2: Reporting Scope: 100 employee records | Data period: Current dataset

Sheet Attendance_Raw
A1: EmployeeID | B1: AttendanceDate | C1: AttendanceStatus | D1: Department
A2: E001 | B2: 46281 | C2: Absent | D2: Operations
A3: E001 | B3: 46295 | C3: On Leave | D3: Operations
A4: E001 | B4: 46294 | C4: Absent | D4: Operations
A5: E001 | B5: 46276 | C5: Present | D5: Operations
A6: E001 | B6: 46255 | C6: Present | D6: Operations
A7: E001 | B7: 46233 | C7: Late | D7: Operations
A8: E001 | B8: 46272 | C8: Late | D8: Operations
A9: E001 | B9: 46230 | C9: Present | D9: Operations
A10: E001 | B10: 46241 | C10: Absent | D10: Operations
A11: E001 | B11: 46266 | C11: Present | D11: Operations
A12: E001 | B12: 46211 | C12: Absent | D12: Operations
A13: E001 | B13: 46231 | C13: Present | D13: Operations
... A97: E008 | B97: 46246 | C97: On Leave | D97: Human Resources
A98: E009 | B98: 46230 | C98: Present
A99: E009 | B99: 46212 | C99: On Leave
A100: E009 | B100: 46259 | C100: Late
A101: E009 | B101: 46272 | C101: Late
A102: E009 | B102: 46276 | C102: Present
A103: E009 | B103: 46288 | C103: On Leave
A104: E009 | B104: 46226 | C104: Absent
A105: E009 | B105: 46206 | C105: On Leave
A106: E009 | B106: 46254 | C106: Present
A107: E009 | B107: 46216 | C107: Present
A108: E009 | B108: 46223 | C108: On Leave
A109: E009 | B109: 46233 | C109: Present
A110: E010 | B110: 46254 | C110: On Leave | D110: Customer Support
A111: E010 | B111: 46209 | C111: Absent | D111: Customer Support
A112: E010 | B112: 46294 | C112: Present | D112: Customer Support
A113: E010 | B113: 46210 | C113: Present | D113: Customer Support
A114: E010 | B114: 46253 | C114: On Leave | D114: Customer Support
A115: E010 | B115: 46286 | C115: On Leave | D115: Customer Support
A116: E010 | B116: 46290 | C116: Present | D116: Customer Support
A117: E010 | B117: 46281 | C117: Absent | D117: Customer Support
A118: E010 | B118: 46219 | C118: Present | D118: Customer Support
A119: E010 | B119: 46245 | C119: Late | D119: Customer Support
A120: E010 | B120: 46225 | C120: Present | D120: Customer Support
A121: E010 | B121: 46262 | C121: Present | D121: Customer Support
... A1201: E100 | B1201: 46226 | C1201: Present | D1201: IT

Sheet Attendance_Clean
A1: EmployeeID | B1: AttendanceDate | C1: AttendanceStatus | D1: Department | E1: Duplicate_Check | F1: AttendanceStatus_Clean | G1: Distinct Status | H1: Department_Clean
A2: E001 | B2: 46281 | C2: Absent | D2: Operations | E2: =IF(OR(A2="", B2=""), "Check missing data", IF(COUNTIFS($A$2:A2, A2, $B$2:B2, B2)>1, "Possible Duplicate", "First Occurrence")) -> First Occurrence | F2: =PROPER(TRIM(C2)) -> Absent | G2: {=_xlfn._xlws.SORT(_xlfn.UNIQUE(F2:F1201))} -> Absent | H2: =TRIM(CLEAN(D2)) -> Operations
A3: E001 | B3: 46295 | C3: On Leave | D3: Operations | E3: =IF(OR(A3="", B3=""), "Check missing data", IF(COUNTIFS($A$2:A3, A3, $B$2:B3, B3)>1, "Possible Duplicate", "First Occurrence")) -> First Occurrence | F3: =PROPER(TRIM(C3)) -> On Leave | G3: Late | H3: =TRIM(CLEAN(D3)) -> Operations
A4: E001 | B4: 46294 | C4: Absent | D4: Operations | E4: =IF(OR(A4="", B4=""), "Check missing data", IF(COUNTIFS($A$2:A4, A4, $B$2:B4, B4)>1, "Possible Duplicate", "First Occurrence")) -> First Occurrence | F4: =PROPER(TRIM(C4)) -> Absent | G4: On Leave | H4: =TRIM(CLEAN(D4)) -> Operations | L4: =COUNTA(A2:A1201) -> 1200
A5: E001 | B5: 46276 | C5: Present | D5: Operations | E5: =IF(OR(A5="", B5=""), "Check missing data", IF(COUNTIFS($A$2:A5, A5, $B$2:B5, B5)>1, "Possible Duplicate", "First Occurrence")) -> First Occurrence | F5: =PROPER(TRIM(C5)) -> Present | G5: Present | H5: =TRIM(CLEAN(D5)) -> Operations
A6: E001 | B6: 46255 | C6: Present | D6: Operations | E6: =IF(OR(A6="", B6=""), "Check missing data", IF(COUNTIFS($A$2:A6, A6, $B$2:B6, B6)>1, "Possible Duplicate", "First Occurrence")) -> First Occurrence | F6: =PROPER(TRIM(C6)) -> Present | H6: =TRIM(CLEAN(D6)) -> Operations
A7: E001 | B7: 46233 | C7: Late | D7: Operations | E7: =IF(OR(A7="", B7=""), "Check missing data", IF(COUNTIFS($A$2:A7, A7, $B$2:B7, B7)>1, "Possible Duplicate", "First Occurrence")) -> First Occurrence | F7: =PROPER(TRIM(C7)) -> Late | H7: =TRIM(CLEAN(D7)) -> Operations
A8: E001 | B8: 46272 | C8: Late | D8: Operations | E8: =IF(OR(A8="", B8=""), "Check missing data", IF(COUNTIFS($A$2:A8, A8, $B$2:B8, B8)>1, "Possible Duplicate", "First Occurrence")) -> First Occurrence | F8: =PROPER(TRIM(C8)) -> Late | H8: =TRIM(CLEAN(D8)) -> Operations
A9: E001 | B9: 46230 | C9: Present | D9: Operations | E9: =IF(OR(A9="", B9=""), "Check missing data", IF(COUNTIFS($A$2:A9, A9, $B$2:B9, B9)>1, "Possible Duplicate", "First Occurrence")) -> First Occurrence | F9: =PROPER(TRIM(C9)) -> Present | H9: =TRIM(CLEAN(D9)) -> Operations
A10: E001 | B10: 46241 | C10: Absent | D10: Operations | E10: =IF(OR(A10="", B10=""), "Check missing data", IF(COUNTIFS($A$2:A10, A10, $B$2:B10, B10)>1, "Possible Duplicate", "First Occurrence")) -> First Occurrence | F10: =PROPER(TRIM(C10)) -> Absent | H10: =TRIM(CLEAN(D10)) -> Operations
A11: E001 | B11: 46266 | C11: Present | D11: Operations | E11: =IF(OR(A11="", B11=""), "Check missing data", IF(COUNTIFS($A$2:A11, A11, $B$2:B11, B11)>1, "Possible Duplicate", "First Occurrence")) -> First Occurrence | F11: =PROPER(TRIM(C11)) -> Present | H11: =TRIM(CLEAN(D11)) -> Operations
A12: E001 | B12: 46211 | C12: Absent | D12: Operations | E12: =IF(OR(A12="", B12=""), "Check missing data", IF(COUNTIFS($A$2:A12, A12, $B$2:B12, B12)>1, "Possible Duplicate", "First Occurrence")) -> First Occurrence | F12: =PROPER(TRIM(C12)) -> Absent | H12: =TRIM(CLEAN(D12)) -> Operations
A13: E001 | B13: 46231 | C13: Present | D13: Operations | E13: =IF(OR(A13="", B13=""), "Check missing data", IF(COUNTIFS($A$2:A13, A13, $B$2:B13, B13)>1, "Possible Duplicate", "First Occurrence")) -> First Occurrence | F13: =PROPER(TRIM(C13)) -> Present | H13: =TRIM(CLEAN(D13)) -> Operations
A14: E002 | B14: 46272 | C14: On Leave | D14: Finance | E14: =IF(OR(A14="", B14=""), "Check missing data", IF(COUNTIFS($A$2:A14, A14, $B$2:B14, B14)>1, "Possible Duplicate", "First Occurrence")) -> First Occurrence | F14: =PROPER(TRIM(C14)) -> On Leave | H14: =TRIM(CLEAN(D14)) -> Finance
A15: E002 | B15: 46241 | C15: Present | D15: Finance | E15: =IF(OR(A15="", B15=""), "Check missing data", IF(COUNTIFS($A$2:A15, A15, $B$2:B15, B15)>1, "Possible Duplicate", "First Occurrence")) -> First Occurrence | F15: =PROPER(TRIM(C15)) -> Present | H15: =TRIM(CLEAN(D15)) -> Finance
A16: E002 | B16: 46290 | C16: Absent | D16: Finance | E16: =IF(OR(A16="", B16=""), "Check missing data", IF(COUNTIFS($A$2:A16, A16, $B$2:B16, B16)>1, "Possible Duplicate", "First Occurrence")) -> First Occurrence | F16: =PROPER(TRIM(C16)) -> Absent | H16: =TRIM(CLEAN(D16)) -> Finance
A17: E002 | B17: 46237 | C17: Present | D17: Finance | E17: =IF(OR(A17="", B17=""), "Check missing data", IF(COUNTIFS($A$2:A17, A17, $B$2:B17, B17)>1, "Possible Duplicate", "First Occurrence")) -> First Occurrence | F17: =PROPER(TRIM(C17)) -> Present | H17: =TRIM(CLEAN(D17)) -> Finance
... A1201: E100 | B1201: 46226 | C1201: Present | D1201: IT | E1201: =IF(OR(A1201="", B1201=""), "Check missing data", IF(COUNTIFS($A$2:A1201, A1201, $B$2:B1201, B1201)>1, "Possible Duplicate", "First Occurrence")) -> First Occurrence | F1201: =PROPER(TRIM(C1201)) -> Present | H1201: =TRIM(CLEAN(D1201)) -> IT

Sheet Attendance_Audit
A1: Audit Check | B1: Finding | C1: Interpretation
A2: Total Attendance | B2: =COUNTA(Attendance_Clean!A:A)-1 -> 1200 | C2: Records being analysed
A3: Blank EmployeeIDs | B3: =COUNTBLANK(Attendance_Clean!A2:A1201) -> 0 | C3: No blanks detected
A4: Blank AttendanceDates | B4: =COUNTBLANK(Attendance_Clean!B2:B1201) -> 0 | C4: No blanks detected
A5: Blank AttendanceStatuses | B5: =COUNTBLANK(Attendance_Clean!C2:C1201) -> 0 | C5: No blanks detected
A6: Blank Departments | B6: =COUNTBLANK(Attendance_Clean!D2:D1201) -> 0 | C6: Requires verification
A7: Duplicate EmployeeID + Date combinations | B7: 0 | C7: None flagged
A8: Distinct attendance statuses | B8: =COUNTA(Attendance_Clean!G:G)-1 -> 4
A9: Status Standardization Method | B9: PROPER(TRIM())
A10: Cleaned Status Labels | B10: Absent, Late, On Leave, Present
A11: Original Attendance Data Preserved | B11: Yes
A13: Attendance Status | B13: Record Count | C13: % of Records | E13: Department | F13: Present | G13: Absent | H13: Late | I13: On Leave | J13: Total Records
A14: Present | B14: =COUNTIF(Attendance_Clean!$F$2:$F$1201,Attendance_Audit!A14) -> 587 | C14: =B14/$B$18 -> 0.48916667 | E14: Human Resources | F14: =COUNTIFS(Attendance_Clean!$H$2:$H$1201,Attendance_Audit!E14,Attendance_Clean!$F$2:$F$1201,"Present") -> 106 | G14: =COUNTIFS(Attendance_Clean!$H$2:$H$1201,Attendance_Audit!E14,Attendance_Clean!$F$2:$F$1201,"Absent") -> 50 | H14: =COUNTIFS(Attendance_Clean!$H$2:$H$1201,Attendance_Audit!E14,Attendance_Clean!$F$2:$F$1201,"Late") -> 55 | I14: =COUNTIFS(Attendance_Clean!$H$2:$H$1201,Attendance_Audit!E14,Attendance_Clean!$F$2:$F$1201,"On Leave") -> 53 | J14: =SUM(F14:I14) -> 264
A15: Absent | B15: =COUNTIF(Attendance_Clean!$F$2:$F$1201,Attendance_Audit!A15) -> 204 | C15: =B15/$B$18 -> 0.17 | E15: Customer Support | F15: =COUNTIFS(Attendance_Clean!$H$2:$H$1201,Attendance_Audit!E15,Attendance_Clean!$F$2:$F$1201,"Present") -> 114 | G15: =COUNTIFS(Attendance_Clean!$H$2:$H$1201,Attendance_Audit!E15,Attendance_Clean!$F$2:$F$1201,"Absent") -> 36 | H15: =COUNTIFS(Attendance_Clean!$H$2:$H$1201,Attendance_Audit!E15,Attendance_Clean!$F$2:$F$1201,"Late") -> 37 | I15: =COUNTIFS(Attendance_Clean!$H$2:$H$1201,Attendance_Audit!E15,Attendance_Clean!$F$2:$F$1201,"On Leave") -> 29 | J15: =SUM(F15:I15) -> 216
A16: Late | B16: =COUNTIF(Attendance_Clean!$F$2:$F$1201,Attendance_Audit!A16) -> 200 | C16: =B16/$B$18 -> 0.16666667 | E16: Operations | F16: =COUNTIFS(Attendance_Clean!$H$2:$H$1201,Attendance_Audit!E16,Attendance_Clean!$F$2:$F$1201,"Present") -> 101 | G16: =COUNTIFS(Attendance_Clean!$H$2:$H$1201,Attendance_Audit!E16,Attendance_Clean!$F$2:$F$1201,"Absent") -> 25 | H16: =COUNTIFS(Attendance_Clean!$H$2:$H$1201,Attendance_Audit!E16,Attendance_Clean!$F$2:$F$1201,"Late") -> 24 | I16: =COUNTIFS(Attendance_Clean!$H$2:$H$1201,Attendance_Audit!E16,Attendance_Clean!$F$2:$F$1201,"On Leave") -> 30 | J16: =SUM(F16:I16) -> 180
A17: On Leave | B17: =COUNTIF(Attendance_Clean!$F$2:$F$1201,Attendance_Audit!A17) -> 209 | C17: =B17/$B$18 -> 0.17416667 | E17: Finance | F17: =COUNTIFS(Attendance_Clean!$H$2:$H$1201,Attendance_Audit!E17,Attendance_Clean!$F$2:$F$1201,"Present") -> 89 | G17: =COUNTIFS(Attendance_Clean!$H$2:$H$1201,Attendance_Audit!E17,Attendance_Clean!$F$2:$F$1201,"Absent") -> 28 | H17: =COUNTIFS(Attendance_Clean!$H$2:$H$1201,Attendance_Audit!E17,Attendance_Clean!$F$2:$F$1201,"Late") -> 32 | I17: =COUNTIFS(Attendance_Clean!$H$2:$H$1201,Attendance_Audit!E17,Attendance_Clean!$F$2:$F$1201,"On Leave") -> 31 | J17: =SUM(F17:I17) -> 180
A18: Total | B18: =SUM(B14:B17) -> 1200 | C18: =SUM(C14:C17) -> 1 | E18: IT | F18: =COUNTIFS(Attendance_Clean!$H$2:$H$1201,Attendance_Audit!E18,Attendance_Clean!$F$2:$F$1201,"Present") -> 89 | G18: =COUNTIFS(Attendance_Clean!$H$2:$H$1201,Attendance_Audit!E18,Attendance_Clean!$F$2:$F$1201,"Absent") -> 30 | H18: =COUNTIFS(Attendance_Clean!$H$2:$H$1201,Attendance_Audit!E18,Attendance_Clean!$F$2:$F$1201,"Late") -> 30 | I18: =COUNTIFS(Attendance_Clean!$H$2:$H$1201,Attendance_Audit!E18,Attendance_Clean!$F$2:$F$1201,"On Leave") -> 31 | J18: =SUM(F18:I18) -> 180
E19: Sales | F19: =COUNTIFS(Attendance_Clean!$H$2:$H$1201,Attendance_Audit!E19,Attendance_Clean!$F$2:$F$1201,"Present") -> 83 | G19: =COUNTIFS(Attendance_Clean!$H$2:$H$1201,Attendance_Audit!E19,Attendance_Clean!$F$2:$F$1201,"Absent") -> 34 | H19: =COUNTIFS(Attendance_Clean!$H$2:$H$1201,Attendance_Audit!E19,Attendance_Clean!$F$2:$F$1201,"Late") -> 20 | I19: =COUNTIFS(Attendance_Clean!$H$2:$H$1201,Attendance_Audit!E19,Attendance_Clean!$F$2:$F$1201,"On Leave") -> 31 | J19: =SUM(F19:I19) -> 168 | K19: =SUM(J14:J19) -> 1188
E20: Unassigned | F20: =COUNTIFS(Attendance_Clean!$H$2:$H$1201,Attendance_Audit!E20,Attendance_Clean!$F$2:$F$1201,"Present") -> 5 | G20: =COUNTIFS(Attendance_Clean!$H$2:$H$1201,Attendance_Audit!E20,Attendance_Clean!$F$2:$F$1201,"Absent") -> 1 | H20: =COUNTIFS(Attendance_Clean!$H$2:$H$1201,Attendance_Audit!E20,Attendance_Clean!$F$2:$F$1201,"Late") -> 2 | I20: =COUNTIFS(Attendance_Clean!$H$2:$H$1201,Attendance_Audit!E20,Attendance_Clean!$F$2:$F$1201,"On Leave") -> 4 | J20: =SUM(F20:I20) -> 12
F21: =SUM(F14:F20) -> 587 | G21: =SUM(G14:G20) -> 204 | H21: =SUM(H14:H20) -> 200 | I21: =SUM(I14:I20) -> 209 | J21: =SUM(F21:I21) -> 1200
G25: =MAX(G14:G19) -> 50 | H25: =MIN(G14:G19) -> 25
A27: Audit Check | B27: Finding
A28: Department-level reconciliation | B28: 1188 records assigned to departments
A29: Missing Department records | B29: 12
A30: Absent records with missing department | B30: 1
A31: Reconciliation result | B31: 203 department-level ansences + 1 unassigned absence = 204 total absences
A32: Recommended action | B32: Verify missing department record against an authoritative employee record
A34: Attendance Analysis | B34: Key Findings
A35: Present | B35: 587 records; 49% | C35: Total present
A36: Absent | B36: 204 records; 17% | C36: Total absent
A37: Human Resources | B37: 50 absent records | C37: The department with the highest absences
A38: Operations | B38: 25 absent records | C38: The department with the lowest absences
A39: Missing departments | B39: 12 records | C39: The presence of missing departments caused a discrepancy in recording those absent or present as some records could not accounted for. Department details need to be verified.

Sheet Attendance_Dashboard
A1: ATTENDANCE ANALYTICS
A2: Reporting Scope : 1200 Records

Sheet Recruitment_Raw
A1: CandidateID | B1: ApplicationDate | C1: Department | D1: RoleAppliedFor | E1: RecruitmentStage | F1: Source | G1: DaysToDecision
A2: C001 | B2: 46285 | C2: Finance | D2: Accountant | E2: Applied | F2: Company Website | G2: 12
A3: C002 | B3: 46212 | C3: IT | D3: Data Analyst | E3: Interview | F3: LinkedIn | G3: 33
A4: C003 | B4: 46279 | C4: Finance | D4: Accountant | E4: Interview | F4: LinkedIn | G4: 8
A5: C004 | B5: 46206 | C5: Human Resources | D5: Recruiter | E5: Interview | F5: Referral | G5: 23
A6: C005 | B6: 46293 | C6: IT | D6: Data Analyst | E6: Hired | F6: Company Website | G6: 7
A7: C006 | B7: 46218 | C7: Customer Support | D7: Support Agent | E7: Offer | F7: Company Website | G7: 39
A8: C007 | B8: 46255 | C8: Sales | D8: Sales Executive | E8: Hired | F8: Company Website | G8: 18
A9: C008 | B9: 46224 | C9: Sales | D9: Account Manager | E9: Rejected | F9: Referral | G9: 28
A10: C009 | B10: 46265 | C10: Finance | D10: Finance Analyst | E10: Interview | F10: LinkedIn | G10: 13
A11: C010 | B11: 46274 | C11: Human Resources | D11: HR Officer | E11: Applied | F11: Company Website | G11: 23
A12: C011 | B12: 46211 | C12: Operations | D12: Team Lead | E12: Rejected | F12: Referral | G12: 31
A13: C012 | B13: 46218 | C13: Human Resources | D13: Recruiter | E13: Hired | F13: LinkedIn | G13: 18
... A31: C030 | B31: 46274 | C31: Finance | D31: Finance Analyst | E31: Screening | F31: LinkedIn | G31: 38

Sheet Data_Dictionary
A1: Field | B1: Definition
A2: EmployeeID | B2: Employee identifier
A3: EmployeeName | B3: Employee display name.
A4: Department | B4: Department
A5: JobTitle | B5: Employee's role.
A6: HireDate | B6: Date employee joined the organisation.
A7: EmploymentStatus | B7: Employment status
A8: Location | B8: Work location.
A9: MonthlySalaryNGN | B9: Monthly salary in Naira
A10: ManagerID | B10: Manager identifier
A11: AttendanceDate | B11: Date of an attendance record.
A12: AttendanceStatus | B12: Attendance status.
... A15: DaysToDecision | B15: Days between application and decision made

Sheet Project_Guide
A1: Section | B1: Instructions
A2: Purpose | B2: Demonstrate employee data cleaning, workforce KPI reporting, and basic attendance/recruitment analysis using fictional data.
A3: Step 1 | B3: Audit Employees_Raw: count rows, identify duplicate EmployeeIDs, missing departments, inconsistent status values, and extra spaces.
A4: Step 2 | B4: Create a cleaned copy. Investigate duplicates before removal; document your rule. Standardise department/status text. Flag missing departments instead of guessing.
A5: Step 3 | B5: Calculate unique employee count, active employee count, headcount by department, and status distribution. Explain how duplicates and missing values were handled.
A6: Step 4 | B6: Analyse attendance by month/status and recruitment pipeline by stage/source.
A7: Step 5 | B7: Build a Power BI dashboard with KPI cards, headcount by department, status distribution, attendance status, and recruitment stage.
A8: Step 6 | B8: Write 3–5 evidence-based observations and practical recommendations. Separate findings from assumptions.
A9: Portfolio disclosure | B9: Clearly state that this is a practice project using synthetic data.
A10: Skills honesty | B10: Do not claim DAX, Power Query, data modelling, Power Automate, or Power Apps expertise unless practised and explainable.
